"site","julian","date","mean_depth_ft","status","colorStatus"
5758203,"1","2020-01-01",58.44,"Extremely Wet","navy"
5758203,"32","2020-02-01",58.445,"Extremely Wet","navy"
5758203,"61","2020-03-01",58.45,"Extremely Wet","navy"
5758203,"92","2020-04-01",58.455,"Extremely Wet","navy"
5758203,"122","2020-05-01",58.46,"Extremely Wet","navy"
5758203,"153","2020-06-01",58.465,"Extremely Wet","navy"
5758203,"183","2020-07-01",58.465,"Extremely Wet","navy"
5758203,"214","2020-08-01",58.465,"Extremely Wet","navy"
5758203,"245","2020-09-01",58.465,"Extremely Wet","navy"
5758203,"275","2020-10-01",58.47,"Extremely Wet","navy"
5758203,"306","2020-11-01",58.465,"Extremely Wet","navy"
5758203,"336","2020-12-01",58.46,"Extremely Wet","navy"
5758203,"1","2021-01-01",58.46,"Extremely Wet","navy"
5758203,"32","2021-02-01",58.465,"Extremely Wet","navy"
5758203,"60","2021-03-01",58.46,"Extremely Wet","navy"
5758203,"91","2021-04-01",58.48,"Extremely Wet","navy"
5758203,"121","2021-05-01",58.475,"Extremely Wet","navy"
5758203,"152","2021-06-01",58.48,"Extremely Wet","navy"
5758203,"182","2021-07-01",58.475,"Extremely Wet","navy"
5758203,"213","2021-08-01",58.465,"Extremely Wet","navy"
5758203,"244","2021-09-01",58.47,"Extremely Wet","navy"
5758203,"274","2021-10-01",58.475,"Extremely Wet","navy"
5758203,"305","2021-11-01",58.47,"Very Wet","blue"
5758203,"335","2021-12-01",58.47,"Very Wet","blue"
5758203,"1","2022-01-01",58.465,"Very Wet","blue"
5758203,"32","2022-02-01",58.465,"Extremely Wet","navy"
5758203,"60","2022-03-01",58.48,"Very Wet","blue"
5758402,"1","2020-01-01",177.41,"Moderately Dry","orange"
5758402,"32","2020-02-01",177.305,"Moderately Dry","orange"
5758402,"61","2020-03-01",177.165,"Moderately Dry","orange"
5758402,"92","2020-04-01",177.09,"Extremely Dry","darkred"
5758402,"122","2020-05-01",177.66,"Extremely Dry","darkred"
5758402,"153","2020-06-01",178.8,"Extremely Dry","darkred"
5758402,"183","2020-07-01",180.46,"Extremely Dry","darkred"
5758402,"214","2020-08-01",182.26,"Extremely Dry","darkred"
5758402,"245","2020-09-01",181.555,"Extremely Dry","darkred"
5758402,"275","2020-10-01",181.885,"Extremely Dry","darkred"
5758402,"306","2020-11-01",183.115,"Extremely Dry","darkred"
5758402,"336","2020-12-01",183.06,"Extremely Dry","darkred"
5758402,"1","2021-01-01",183.595,"Extremely Dry","darkred"
5758402,"32","2021-02-01",183.675,"Extremely Dry","darkred"
5758402,"60","2021-03-01",184.11,"Extremely Dry","darkred"
5758402,"91","2021-04-01",184.765,"Extremely Dry","darkred"
5758402,"121","2021-05-01",184.795,"Extremely Dry","darkred"
5758402,"152","2021-06-01",184.17,"Extremely Dry","darkred"
5758402,"182","2021-07-01",184.28,"Extremely Dry","darkred"
5758402,"213","2021-08-01",185.445,"Extremely Dry","darkred"
5758402,"244","2021-09-01",185.755,"Extremely Dry","darkred"
5758402,"274","2021-10-01",185.37,"Extremely Dry","darkred"
5758402,"305","2021-11-01",185.055,"Extremely Dry","darkred"
5758402,"335","2021-12-01",184.945,"Extremely Dry","darkred"
5758402,"1","2022-01-01",184.67,"Extremely Dry","darkred"
5758402,"32","2022-02-01",184.01,"Extremely Dry","darkred"
5758402,"60","2022-03-01",184.915,"Extremely Dry","darkred"
6801314,"1","2020-01-01",151.185,"Moderately Dry","orange"
6801314,"32","2020-02-01",159.845,"Moderately Dry","orange"
6801314,"61","2020-03-01",158.285,"Moderately Dry","orange"
6801314,"92","2020-04-01",160.12,"Moderately Dry","orange"
6801314,"122","2020-05-01",162.92,"Extremely Dry","darkred"
6801314,"153","2020-06-01",163.595,"Moderately Dry","orange"
6801314,"183","2020-07-01",170.985,"Extremely Dry","darkred"
6801314,"214","2020-08-01",172.275,"Extremely Dry","darkred"
6801314,"245","2020-09-01",166.38,"Moderately Dry","orange"
6801314,"275","2020-10-01",165.69,"Extremely Dry","darkred"
6801314,"306","2020-11-01",166.97,"Extremely Dry","darkred"
6801314,"336","2020-12-01",165.71,"Extremely Dry","darkred"
6801314,"1","2021-01-01",168.115,"Extremely Dry","darkred"
6801314,"32","2021-02-01",169.28,"Very Dry","red"
6801314,"60","2021-03-01",171.765,"Extremely Dry","darkred"
6801314,"91","2021-04-01",173.84,"Extremely Dry","darkred"
6801314,"121","2021-05-01",176.185,"Extremely Dry","darkred"
6801314,"152","2021-06-01",177.125,"Extremely Dry","darkred"
6801314,"182","2021-07-01",176.615,"Extremely Dry","darkred"
6801314,"213","2021-08-01",175.445,"Very Dry","red"
6801314,"244","2021-09-01",174.49,"Extremely Dry","darkred"
6801314,"274","2021-10-01",175.31,"Extremely Dry","darkred"
6801314,"305","2021-11-01",176.09,"Extremely Dry","darkred"
6801314,"335","2021-12-01",177.285,"Extremely Dry","darkred"
6801314,"1","2022-01-01",177.255,"Extremely Dry","darkred"
6801314,"32","2022-02-01",175.745,"Extremely Dry","darkred"
6801314,"60","2022-03-01",176.205,"Extremely Dry","darkred"
6801608,"1","2020-01-01",55.57,"Moderately Dry","orange"
6801608,"32","2020-02-01",55.475,"Moderately Wet","cornflowerblue"
6801608,"61","2020-03-01",55.445,"Moderately Dry","orange"
6801608,"92","2020-04-01",55.47,"Moderately Dry","orange"
6801608,"122","2020-05-01",55.53,"Extremely Dry","darkred"
6801608,"153","2020-06-01",55.7,"Extremely Dry","darkred"
6801608,"183","2020-07-01",55.65,"Extremely Dry","darkred"
6801608,"214","2020-08-01",55.675,"Extremely Dry","darkred"
6801608,"245","2020-09-01",55.63,"Extremely Dry","darkred"
6801608,"275","2020-10-01",55.675,"Extremely Dry","darkred"
6801608,"306","2020-11-01",55.66,"Extremely Dry","darkred"
6801608,"336","2020-12-01",55.78,"Extremely Dry","darkred"
6801608,"1","2021-01-01",55.765,"Extremely Dry","darkred"
6801608,"32","2021-02-01",55.77,"Extremely Dry","darkred"
6801608,"60","2021-03-01",55.855,"Extremely Dry","darkred"
6801608,"91","2021-04-01",55.85,"Extremely Dry","darkred"
6801608,"121","2021-05-01",55.425,"Moderately Dry","orange"
6801608,"152","2021-06-01",55.35,"Moderately Dry","orange"
6801608,"182","2021-07-01",55.345,"Moderately Wet","cornflowerblue"
6801608,"213","2021-08-01",55.455,"Moderately Wet","cornflowerblue"
6801608,"244","2021-09-01",55.535,"Moderately Dry","orange"
6801608,"274","2021-10-01",55.425,"Moderately Wet","cornflowerblue"
6801608,"305","2021-11-01",55.255,"Moderately Wet","cornflowerblue"
6801608,"335","2021-12-01",55.26,"Very Wet","blue"
6801608,"1","2022-01-01",55.465,"Moderately Wet","cornflowerblue"
6801608,"32","2022-02-01",55.5,"Moderately Dry","orange"
6801608,"60","2022-03-01",55.54,"Moderately Dry","orange"
6802302,"1","2020-01-01",223.555,"Moderately Dry","orange"
6802302,"32","2020-02-01",223.165,"Moderately Dry","orange"
6802302,"61","2020-03-01",221.285,"Extremely Wet","navy"
6802302,"92","2020-04-01",219.665,"Extremely Dry","darkred"
6802302,"122","2020-05-01",223.45,"Extremely Wet","navy"
6802302,"153","2020-06-01",222.51,"Extremely Wet","navy"
6802302,"183","2020-07-01",231.625,"Extremely Wet","navy"
6802302,"214","2020-08-01",234.625,"Extremely Wet","navy"
6802302,"245","2020-09-01",233.075,"Extremely Wet","navy"
6802302,"275","2020-10-01",235.11,"Extremely Wet","navy"
6802302,"306","2020-11-01",232.68,"Extremely Wet","navy"
6802302,"336","2020-12-01",230.025,"Extremely Wet","navy"
6802302,"1","2021-01-01",229.275,"Extremely Dry","darkred"
6802302,"32","2021-02-01",226.94,"Extremely Dry","darkred"
6802302,"60","2021-03-01",226.06,"Extremely Dry","darkred"
6802302,"91","2021-04-01",226.24,"Extremely Wet","navy"
6802302,"121","2021-05-01",223.17,"Extremely Wet","navy"
6802302,"152","2021-06-01",225.31,"Extremely Wet","navy"
6802302,"182","2021-07-01",221.48,"Extremely Dry","darkred"
6802302,"213","2021-08-01",222.695,"Extremely Wet","navy"
6802302,"244","2021-09-01",224.035,"Extremely Wet","navy"
6802302,"274","2021-10-01",222.105,"Extremely Dry","darkred"
6802302,"305","2021-11-01",218.935,"Extremely Wet","navy"
6802302,"335","2021-12-01",219.985,"Extremely Wet","navy"
6802302,"1","2022-01-01",220.265,"Extremely Wet","navy"
6802302,"32","2022-02-01",221.425,"Extremely Wet","navy"
6802302,"60","2022-03-01",223.39,"Extremely Wet","navy"
6802406,"1","2020-01-01",268.105,"Moderately Dry","orange"
6802406,"32","2020-02-01",266.58,"Moderately Dry","orange"
6802406,"61","2020-03-01",267.115,"Moderately Dry","orange"
6802406,"92","2020-04-01",266.885,"Moderately Dry","orange"
6802406,"122","2020-05-01",269.98,"Moderately Dry","orange"
6802406,"153","2020-06-01",275.365,"Extremely Dry","darkred"
6802406,"183","2020-07-01",281.105,"Extremely Dry","darkred"
6802406,"214","2020-08-01",283.81,"Extremely Dry","darkred"
6802406,"245","2020-09-01",281.645,"Extremely Dry","darkred"
6802406,"275","2020-10-01",284.435,"Extremely Dry","darkred"
6802406,"306","2020-11-01",284.2,"Extremely Dry","darkred"
6802406,"336","2020-12-01",282.52,"Extremely Dry","darkred"
6802406,"1","2021-01-01",278.5,"Extremely Dry","darkred"
6802406,"32","2021-02-01",279.8,"Extremely Dry","darkred"
6802406,"60","2021-03-01",280.875,"Extremely Dry","darkred"
6802406,"91","2021-04-01",281.195,"Extremely Dry","darkred"
6802406,"121","2021-05-01",286.075,"Extremely Dry","darkred"
6802406,"152","2021-06-01",283.205,"Extremely Dry","darkred"
6802406,"182","2021-07-01",279.805,"Extremely Dry","darkred"
6802406,"213","2021-08-01",279.105,"Extremely Dry","darkred"
6802406,"244","2021-09-01",281.34,"Extremely Dry","darkred"
6802406,"274","2021-10-01",279.84,"Extremely Dry","darkred"
6802406,"305","2021-11-01",278,"Very Dry","red"
6802406,"335","2021-12-01",277.2,"Extremely Dry","darkred"
6802406,"1","2022-01-01",277.63,"Extremely Dry","darkred"
6802406,"32","2022-02-01",278.31,"Extremely Dry","darkred"
6802406,"60","2022-03-01",280.73,"Extremely Dry","darkred"
6802407,"1","2020-01-01",357.555,"Moderately Dry","orange"
6802407,"32","2020-02-01",356.92,"Moderately Dry","orange"
6802407,"61","2020-03-01",353.8,"Moderately Dry","orange"
6802407,"92","2020-04-01",353.94,"Moderately Dry","orange"
6802407,"122","2020-05-01",355.11,"Moderately Dry","orange"
6802407,"153","2020-06-01",366.23,"Extremely Dry","darkred"
6802407,"183","2020-07-01",376.45,"Extremely Dry","darkred"
6802407,"214","2020-08-01",380.315,"Extremely Dry","darkred"
6802407,"245","2020-09-01",374.685,"Extremely Dry","darkred"
6802407,"275","2020-10-01",378.04,"Extremely Dry","darkred"
6802407,"306","2020-11-01",376.28,"Extremely Dry","darkred"
6802407,"336","2020-12-01",373.365,"Extremely Dry","darkred"
6802407,"1","2021-01-01",369.605,"Extremely Dry","darkred"
6802407,"32","2021-02-01",370.14,"Extremely Dry","darkred"
6802407,"60","2021-03-01",370.515,"Extremely Dry","darkred"
6802407,"91","2021-04-01",374.125,"Extremely Dry","darkred"
6802407,"121","2021-05-01",374.16,"Extremely Dry","darkred"
6802407,"152","2021-06-01",381.455,"Extremely Dry","darkred"
6802407,"182","2021-07-01",382.675,"Extremely Dry","darkred"
6802407,"213","2021-08-01",371.065,"Moderately Dry","orange"
6802407,"244","2021-09-01",372.04,"Extremely Dry","darkred"
6802407,"274","2021-10-01",370.63,"Very Dry","red"
6802407,"305","2021-11-01",368.895,"Extremely Dry","darkred"
6802407,"335","2021-12-01",366.075,"Extremely Dry","darkred"
6802407,"1","2022-01-01",365.625,"Very Dry","red"
6802407,"32","2022-02-01",366.08,"Extremely Dry","darkred"
6802407,"60","2022-03-01",368.625,"Extremely Dry","darkred"
6802508,"1","2020-01-01",104.4,"Moderately Dry","orange"
6802508,"32","2020-02-01",102.4,"Very Dry","red"
6802508,"61","2020-03-01",101.7,"Extremely Dry","darkred"
6802508,"92","2020-04-01",100,"Extremely Dry","darkred"
6802508,"122","2020-05-01",107.335,"Extremely Dry","darkred"
6802508,"153","2020-06-01",105.66,"Extremely Dry","darkred"
6802508,"183","2020-07-01",113.65,"Extremely Dry","darkred"
6802508,"214","2020-08-01",118.765,"Moderately Dry","orange"
6802508,"245","2020-09-01",119.9,"Extremely Dry","darkred"
6802508,"275","2020-10-01",119.6,"Extremely Dry","darkred"
6802508,"306","2020-11-01",121.6,"Extremely Dry","darkred"
6802508,"336","2020-12-01",118.15,"Extremely Dry","darkred"
6802508,"1","2021-01-01",115.6,"Extremely Dry","darkred"
6802508,"32","2021-02-01",121.3,"Extremely Dry","darkred"
6802508,"60","2021-03-01",121.9,"Extremely Dry","darkred"
6802508,"91","2021-04-01",122.7,"Extremely Dry","darkred"
6802508,"121","2021-05-01",116.9,"Extremely Dry","darkred"
6802508,"152","2021-06-01",110.15,"Very Dry","red"
6802508,"182","2021-07-01",106.55,"Moderately Dry","orange"
6802508,"213","2021-08-01",106.75,"Moderately Dry","orange"
6802508,"244","2021-09-01",111.8,"Moderately Dry","orange"
6802508,"274","2021-10-01",110.25,"Very Dry","red"
6802508,"305","2021-11-01",109.2,"Very Dry","red"
6802508,"335","2021-12-01",110.5,"Extremely Dry","darkred"
6802508,"1","2022-01-01",112.7,"Extremely Dry","darkred"
6802508,"32","2022-02-01",118.9,"Extremely Dry","darkred"
6802508,"60","2022-03-01",116.5,"Extremely Dry","darkred"
6802609,"1","2020-01-01",141.76,"Extremely Dry","darkred"
6802609,"32","2020-02-01",138.035,"Extremely Dry","darkred"
6802609,"61","2020-03-01",138.155,"Extremely Dry","darkred"
6802609,"92","2020-04-01",138.13,"Extremely Dry","darkred"
6802609,"122","2020-05-01",143.795,"Extremely Dry","darkred"
6802609,"153","2020-06-01",144.88,"Extremely Dry","darkred"
6802609,"183","2020-07-01",155.145,"Extremely Dry","darkred"
6802609,"214","2020-08-01",162.605,"Extremely Dry","darkred"
6802609,"245","2020-09-01",160.555,"Extremely Dry","darkred"
6802609,"275","2020-10-01",158.39,"Extremely Dry","darkred"
6802609,"306","2020-11-01",158.74,"Extremely Dry","darkred"
6802609,"336","2020-12-01",151.55,"Extremely Dry","darkred"
6802609,"1","2021-01-01",148.285,"Extremely Dry","darkred"
6802609,"32","2021-02-01",151.64,"Extremely Dry","darkred"
6802609,"60","2021-03-01",157.12,"Extremely Dry","darkred"
6802609,"91","2021-04-01",155.82,"Extremely Dry","darkred"
6802609,"121","2021-05-01",150.99,"Extremely Dry","darkred"
6802609,"152","2021-06-01",145.825,"Extremely Dry","darkred"
6802609,"182","2021-07-01",143.665,"Moderately Dry","orange"
6802609,"213","2021-08-01",142.06,"Moderately Dry","orange"
6802609,"244","2021-09-01",152.06,"Very Dry","red"
6802609,"274","2021-10-01",146.905,"Very Dry","red"
6802609,"305","2021-11-01",144.255,"Very Dry","red"
6802609,"335","2021-12-01",146.715,"Extremely Dry","darkred"
6802609,"1","2022-01-01",156.08,"Extremely Dry","darkred"
6802609,"32","2022-02-01",167.78,"Extremely Dry","darkred"
6802609,"60","2022-03-01",163.695,"Extremely Dry","darkred"
6802807,"1","2020-01-01",183.925,"Very Dry","red"
6802807,"32","2020-02-01",182.12,"Very Dry","red"
6802807,"61","2020-03-01",180.73,"Extremely Dry","darkred"
6802807,"92","2020-04-01",182.29,"Extremely Dry","darkred"
6802807,"122","2020-05-01",187.305,"Extremely Dry","darkred"
6802807,"153","2020-06-01",191.05,"Extremely Dry","darkred"
6802807,"183","2020-07-01",196.01,"Extremely Dry","darkred"
6802807,"214","2020-08-01",202.765,"Extremely Dry","darkred"
6802807,"245","2020-09-01",202.92,"Extremely Dry","darkred"
6802807,"275","2020-10-01",201.02,"Extremely Dry","darkred"
6802807,"306","2020-11-01",199.38,"Extremely Dry","darkred"
6802807,"336","2020-12-01",195.945,"Extremely Dry","darkred"
6802807,"1","2021-01-01",193.19,"Extremely Dry","darkred"
6802807,"32","2021-02-01",193.095,"Extremely Dry","darkred"
6802807,"60","2021-03-01",194.49,"Extremely Dry","darkred"
6802807,"91","2021-04-01",196.86,"Extremely Dry","darkred"
6802807,"121","2021-05-01",195.11,"Extremely Dry","darkred"
6802807,"152","2021-06-01",194.325,"Extremely Dry","darkred"
6802807,"182","2021-07-01",192.34,"Very Dry","red"
6802807,"213","2021-08-01",192.285,"Moderately Dry","orange"
6802807,"244","2021-09-01",192.845,"Moderately Dry","orange"
6802807,"274","2021-10-01",191.92,"Extremely Dry","darkred"
6802807,"305","2021-11-01",191.205,"Very Dry","red"
6802807,"335","2021-12-01",191.575,"Extremely Dry","darkred"
6802807,"1","2022-01-01",191.535,"Extremely Dry","darkred"
6802807,"32","2022-02-01",193.445,"Extremely Dry","darkred"
6802807,"60","2022-03-01",194.695,"Extremely Dry","darkred"
6803109,"1","2020-01-01",49.91,"Moderately Wet","cornflowerblue"
6803109,"32","2020-02-01",46.835,"Moderately Wet","cornflowerblue"
6803109,"61","2020-03-01",46.1,"Moderately Dry","orange"
6803109,"92","2020-04-01",48.185,"Extremely Dry","darkred"
6803109,"122","2020-05-01",52.77,"Extremely Dry","darkred"
6803109,"153","2020-06-01",59.92,"Extremely Dry","darkred"
6803109,"183","2020-07-01",62.515,"Extremely Dry","darkred"
6803109,"214","2020-08-01",67.54,"Extremely Dry","darkred"
6803109,"245","2020-09-01",58.865,"Moderately Dry","orange"
6803109,"275","2020-10-01",59.94,"Moderately Wet","cornflowerblue"
6803109,"306","2020-11-01",60.39,"Moderately Dry","orange"
6803109,"336","2020-12-01",59.005,"Extremely Dry","darkred"
6803109,"1","2021-01-01",59.26,"Very Dry","red"
6803109,"32","2021-02-01",59.245,"Extremely Dry","darkred"
6803109,"60","2021-03-01",58.605,"Extremely Dry","darkred"
6803109,"91","2021-04-01",59.68,"Very Dry","red"
6803109,"121","2021-05-01",57.455,"Very Dry","red"
6803109,"152","2021-06-01",50.835,"Moderately Dry","orange"
6803109,"182","2021-07-01",49.99,"Very Wet","blue"
6803109,"213","2021-08-01",52.31,"Very Wet","blue"
6803109,"244","2021-09-01",56.155,"Moderately Wet","cornflowerblue"
6803109,"274","2021-10-01",58.48,"Moderately Dry","orange"
6803109,"305","2021-11-01",54.425,"Moderately Dry","orange"
6803109,"335","2021-12-01",53.35,"Moderately Wet","cornflowerblue"
6803109,"1","2022-01-01",53.89,"Moderately Dry","orange"
6803109,"32","2022-02-01",54.135,"Moderately Dry","orange"
6803109,"60","2022-03-01",57.005,"Very Dry","red"
6803305,"1","2020-01-01",232.74,"Moderately Wet","cornflowerblue"
6803305,"32","2020-02-01",230.675,"Moderately Wet","cornflowerblue"
6803305,"61","2020-03-01",234.235,"Extremely Wet","navy"
6803305,"92","2020-04-01",238.625,"Extremely Wet","navy"
6803305,"122","2020-05-01",239.695,"Extremely Wet","navy"
6803305,"153","2020-06-01",240.125,"Extremely Wet","navy"
6803305,"183","2020-07-01",257.4,"Extremely Wet","navy"
6803305,"214","2020-08-01",258.545,"Extremely Wet","navy"
6803305,"245","2020-09-01",260.505,"Extremely Wet","navy"
6803305,"275","2020-10-01",259.365,"Extremely Wet","navy"
6803305,"306","2020-11-01",255.38,"Extremely Dry","darkred"
6803305,"336","2020-12-01",251.77,"Extremely Dry","darkred"
6803305,"1","2021-01-01",255.755,"Extremely Dry","darkred"
6803305,"32","2021-02-01",249.45,"Extremely Dry","darkred"
6803305,"60","2021-03-01",244.255,"Extremely Dry","darkred"
6803305,"91","2021-04-01",244.795,"Extremely Dry","darkred"
6803305,"121","2021-05-01",241.76,"Moderately Dry","orange"
6803305,"152","2021-06-01",243.145,"Moderately Dry","orange"
6803305,"182","2021-07-01",238.385,"Moderately Wet","cornflowerblue"
6803305,"213","2021-08-01",261.005,"Moderately Dry","orange"
6803305,"244","2021-09-01",247.86,"Moderately Wet","cornflowerblue"
6803305,"274","2021-10-01",245.235,"Moderately Wet","cornflowerblue"
6803305,"305","2021-11-01",239.885,"Moderately Wet","cornflowerblue"
6803305,"335","2021-12-01",236.17,"Moderately Wet","cornflowerblue"
6803305,"1","2022-01-01",234.475,"Moderately Dry","orange"
6803305,"32","2022-02-01",235.255,"Moderately Dry","orange"
6803305,"60","2022-03-01",239.9,"Moderately Wet","cornflowerblue"
6803406,"1","2020-01-01",227.96,"Moderately Wet","cornflowerblue"
6803406,"32","2020-02-01",225.045,"Moderately Wet","cornflowerblue"
6803406,"61","2020-03-01",225.01,"Extremely Dry","darkred"
6803406,"92","2020-04-01",227.735,"Extremely Dry","darkred"
6803406,"122","2020-05-01",238.575,"Extremely Dry","darkred"
6803406,"153","2020-06-01",247.575,"Extremely Dry","darkred"
6803406,"183","2020-07-01",255.005,"Extremely Dry","darkred"
6803406,"214","2020-08-01",257.6,"Extremely Dry","darkred"
6803406,"245","2020-09-01",255.58,"Extremely Dry","darkred"
6803406,"275","2020-10-01",256.525,"Extremely Dry","darkred"
6803406,"306","2020-11-01",255.38,"Extremely Dry","darkred"
6803406,"336","2020-12-01",250.16,"Extremely Dry","darkred"
6803406,"1","2021-01-01",246.545,"Extremely Dry","darkred"
6803406,"32","2021-02-01",247.185,"Extremely Dry","darkred"
6803406,"60","2021-03-01",250.31,"Extremely Dry","darkred"
6803406,"91","2021-04-01",253.27,"Extremely Dry","darkred"
6803406,"121","2021-05-01",249.585,"Extremely Dry","darkred"
6803406,"152","2021-06-01",244.3,"Extremely Dry","darkred"
6803406,"182","2021-07-01",241.76,"Moderately Dry","orange"
6803406,"213","2021-08-01",240.895,"Moderately Wet","cornflowerblue"
6803406,"244","2021-09-01",244.865,"Moderately Wet","cornflowerblue"
6803406,"274","2021-10-01",245.28,"Moderately Dry","orange"
6803406,"305","2021-11-01",244.435,"Moderately Dry","orange"
6803406,"335","2021-12-01",242.56,"Very Dry","red"
6803406,"1","2022-01-01",241.955,"Extremely Dry","darkred"
6803406,"32","2022-02-01",240.42,"Extremely Dry","darkred"
6803406,"60","2022-03-01",242.33,"Very Dry","red"
6803804,"1","2020-01-01",253.31,"Extremely Dry","darkred"
6803804,"32","2020-02-01",248.895,"Very Dry","red"
6803804,"61","2020-03-01",249.495,"Extremely Dry","darkred"
6803804,"92","2020-04-01",251.21,"Extremely Dry","darkred"
6803804,"122","2020-05-01",258.53,"Extremely Dry","darkred"
6803804,"153","2020-06-01",271.315,"Extremely Dry","darkred"
6803804,"183","2020-07-01",303.95,"Extremely Dry","darkred"
6803804,"214","2020-08-01",310.345,"Extremely Dry","darkred"
6803804,"245","2020-09-01",286.485,"Extremely Dry","darkred"
6803804,"275","2020-10-01",282.06,"Extremely Dry","darkred"
6803804,"306","2020-11-01",270.655,"Extremely Dry","darkred"
6803804,"336","2020-12-01",266.36,"Extremely Dry","darkred"
6803804,"1","2021-01-01",259.95,"Extremely Dry","darkred"
6803804,"32","2021-02-01",266.62,"Extremely Dry","darkred"
6803804,"60","2021-03-01",252.425,"Extremely Dry","darkred"
6803804,"91","2021-04-01",256.71,"Extremely Dry","darkred"
6803804,"121","2021-05-01",258.215,"Very Dry","red"
6803804,"152","2021-06-01",253.99,"Very Dry","red"
6803804,"182","2021-07-01",255.57,"Moderately Dry","orange"
6803804,"213","2021-08-01",258.11,"Moderately Dry","orange"
6803804,"244","2021-09-01",259.335,"Moderately Dry","orange"
6803804,"274","2021-10-01",257.775,"Moderately Dry","orange"
6803804,"305","2021-11-01",272.85,"Extremely Dry","darkred"
6803804,"335","2021-12-01",250.995,"Very Dry","red"
6803804,"1","2022-01-01",249.875,"Very Dry","red"
6803804,"32","2022-02-01",251.105,"Extremely Dry","darkred"
6803804,"60","2022-03-01",249.175,"Extremely Dry","darkred"
6804214,"1","2020-01-01",166.08,"Moderately Wet","cornflowerblue"
6804214,"32","2020-02-01",165.695,"Moderately Wet","cornflowerblue"
6804214,"61","2020-03-01",166.105,"Extremely Dry","darkred"
6804214,"92","2020-04-01",168.635,"Extremely Dry","darkred"
6804214,"122","2020-05-01",169.75,"Extremely Dry","darkred"
6804214,"153","2020-06-01",168.52,"Extremely Dry","darkred"
6804214,"183","2020-07-01",178.7,"Extremely Dry","darkred"
6804214,"214","2020-08-01",177.52,"Extremely Dry","darkred"
6804214,"245","2020-09-01",174.115,"Extremely Dry","darkred"
6804214,"275","2020-10-01",172.675,"Extremely Dry","darkred"
6804214,"306","2020-11-01",177.175,"Moderately Dry","orange"
6804214,"336","2020-12-01",175.325,"Moderately Dry","orange"
6804214,"1","2021-01-01",174.2,"Moderately Dry","orange"
6804214,"32","2021-02-01",173.17,"Moderately Dry","orange"
6804214,"60","2021-03-01",173.17,"Moderately Wet","cornflowerblue"
6804214,"91","2021-04-01",175.015,"Moderately Wet","cornflowerblue"
6804214,"121","2021-05-01",175.675,"Moderately Wet","cornflowerblue"
6804214,"152","2021-06-01",173.865,"Moderately Wet","cornflowerblue"
6804214,"182","2021-07-01",172.5,"Moderately Wet","cornflowerblue"
6804214,"213","2021-08-01",171.575,"Very Wet","blue"
6804214,"244","2021-09-01",173.05,"Moderately Wet","cornflowerblue"
6804214,"274","2021-10-01",171.95,"Very Wet","blue"
6804214,"305","2021-11-01",171.515,"Moderately Dry","orange"
6804214,"335","2021-12-01",170.84,"Moderately Dry","orange"
6804214,"1","2022-01-01",171.35,"Moderately Wet","cornflowerblue"
6804214,"32","2022-02-01",171.035,"Moderately Wet","cornflowerblue"
6804214,"60","2022-03-01",171.075,"Moderately Wet","cornflowerblue"
6804312,"1","2020-01-01",122.855,"Moderately Wet","cornflowerblue"
6804312,"32","2020-02-01",124.33,"Moderately Wet","cornflowerblue"
6804312,"61","2020-03-01",125.18,"Moderately Dry","orange"
6804312,"92","2020-04-01",125.7,"Moderately Dry","orange"
6804312,"122","2020-05-01",125.66,"Moderately Dry","orange"
6804312,"153","2020-06-01",123.19,"Moderately Wet","cornflowerblue"
6804312,"183","2020-07-01",126.255,"Moderately Wet","cornflowerblue"
6804312,"214","2020-08-01",128.61,"Moderately Wet","cornflowerblue"
6804312,"245","2020-09-01",128.91,"Moderately Wet","cornflowerblue"
6804312,"275","2020-10-01",129.795,"Moderately Wet","cornflowerblue"
6804312,"306","2020-11-01",130.9,"Moderately Wet","cornflowerblue"
6804312,"336","2020-12-01",131.53,"Moderately Wet","cornflowerblue"
6804312,"1","2021-01-01",132.23,"Moderately Dry","orange"
6804312,"32","2021-02-01",134.9,"Extremely Dry","darkred"
6804312,"60","2021-03-01",138.43,"Extremely Dry","darkred"
6804312,"91","2021-04-01",140.71,"Extremely Dry","darkred"
6804312,"121","2021-05-01",139.095,"Extremely Dry","darkred"
6804312,"152","2021-06-01",135.52,"Very Dry","red"
6804312,"182","2021-07-01",133.85,"Moderately Dry","orange"
6804312,"213","2021-08-01",134.62,"Moderately Dry","orange"
6804312,"244","2021-09-01",136.72,"Moderately Dry","orange"
6804312,"274","2021-10-01",134.46,"Moderately Dry","orange"
6804312,"305","2021-11-01",132.705,"Very Dry","red"
6804312,"335","2021-12-01",132.74,"Very Dry","red"
6804312,"1","2022-01-01",133.3,"Moderately Dry","orange"
6804312,"32","2022-02-01",134.36,"Very Dry","red"
6804312,"60","2022-03-01",136.415,"Extremely Dry","darkred"
6804313,"1","2020-01-01",144.55,"Moderately Wet","cornflowerblue"
6804313,"32","2020-02-01",147.7,"Moderately Wet","cornflowerblue"
6804313,"61","2020-03-01",151.1,"Moderately Dry","orange"
6804313,"92","2020-04-01",150.23,"Moderately Dry","orange"
6804313,"122","2020-05-01",150.85,"Moderately Dry","orange"
6804313,"153","2020-06-01",149.3,"Moderately Dry","orange"
6804313,"183","2020-07-01",150.6,"Moderately Dry","orange"
6804313,"214","2020-08-01",155.65,"Moderately Dry","orange"
6804313,"245","2020-09-01",154.25,"Moderately Dry","orange"
6804313,"275","2020-10-01",155.55,"Moderately Dry","orange"
6804313,"306","2020-11-01",157.1,"Moderately Dry","orange"
6804313,"336","2020-12-01",157.9,"Moderately Dry","orange"
6804313,"1","2021-01-01",179.7,"Extremely Dry","darkred"
6804313,"32","2021-02-01",161.2,"Very Dry","red"
6804313,"60","2021-03-01",162,"Very Dry","red"
6804313,"91","2021-04-01",163.75,"Very Dry","red"
6804313,"121","2021-05-01",163.505,"Very Dry","red"
6804313,"152","2021-06-01",160.3,"Very Dry","red"
6804313,"182","2021-07-01",161.2,"Moderately Dry","orange"
6804313,"213","2021-08-01",160.25,"Moderately Dry","orange"
6804313,"244","2021-09-01",161.2,"Moderately Dry","orange"
6804313,"274","2021-10-01",159.25,"Moderately Dry","orange"
6804313,"305","2021-11-01",158.3,"Moderately Dry","orange"
6804313,"335","2021-12-01",157.5,"Moderately Dry","orange"
6804313,"1","2022-01-01",157.35,"Moderately Dry","orange"
6804313,"32","2022-02-01",158.75,"Moderately Dry","orange"
6804313,"60","2022-03-01",162.4,"Extremely Dry","darkred"
6804705,"1","2020-01-01",188.695,"Very Dry","red"
6804705,"32","2020-02-01",188.825,"Very Dry","red"
6804705,"61","2020-03-01",188.565,"Extremely Dry","darkred"
6804705,"92","2020-04-01",188.92,"Extremely Dry","darkred"
6804705,"122","2020-05-01",188.89,"Extremely Dry","darkred"
6804705,"153","2020-06-01",189.635,"Extremely Dry","darkred"
6804705,"183","2020-07-01",189.98,"Extremely Dry","darkred"
6804705,"214","2020-08-01",189.72,"Extremely Dry","darkred"
6804705,"245","2020-09-01",190.24,"Extremely Dry","darkred"
6804705,"275","2020-10-01",190.155,"Extremely Dry","darkred"
6804705,"306","2020-11-01",190.045,"Extremely Dry","darkred"
6804705,"336","2020-12-01",189.86,"Extremely Dry","darkred"
6804705,"1","2021-01-01",189.915,"Extremely Dry","darkred"
6804705,"32","2021-02-01",190.045,"Extremely Dry","darkred"
6804705,"60","2021-03-01",189.64,"Extremely Dry","darkred"
6804705,"91","2021-04-01",189.89,"Extremely Dry","darkred"
6804705,"121","2021-05-01",189.805,"Extremely Dry","darkred"
6804705,"152","2021-06-01",190.04,"Extremely Dry","darkred"
6804705,"182","2021-07-01",189.4,"Very Dry","red"
6804705,"213","2021-08-01",190.67,"Extremely Dry","darkred"
6804705,"244","2021-09-01",190.43,"Extremely Dry","darkred"
6804705,"274","2021-10-01",190.34,"Extremely Dry","darkred"
6804705,"305","2021-11-01",190.125,"Extremely Dry","darkred"
6804705,"335","2021-12-01",189.945,"Extremely Dry","darkred"
6804705,"1","2022-01-01",189.925,"Extremely Dry","darkred"
6804705,"32","2022-02-01",189.685,"Extremely Dry","darkred"
6804705,"60","2022-03-01",189.375,"Extremely Dry","darkred"
6804706,"1","2020-01-01",256.5,"Very Dry","red"
6804706,"32","2020-02-01",260.135,"Moderately Dry","orange"
6804706,"61","2020-03-01",263.105,"Extremely Dry","darkred"
6804706,"92","2020-04-01",262.885,"Extremely Dry","darkred"
6804706,"122","2020-05-01",270.98,"Extremely Dry","darkred"
6804706,"153","2020-06-01",276.805,"Extremely Dry","darkred"
6804706,"183","2020-07-01",284.085,"Extremely Dry","darkred"
6804706,"214","2020-08-01",281.26,"Extremely Dry","darkred"
6804706,"245","2020-09-01",287.775,"Extremely Dry","darkred"
6804706,"275","2020-10-01",287.685,"Extremely Dry","darkred"
6804706,"306","2020-11-01",290.03,"Extremely Dry","darkred"
6804706,"336","2020-12-01",274.565,"Extremely Dry","darkred"
6804706,"1","2021-01-01",267.505,"Extremely Dry","darkred"
6804706,"32","2021-02-01",267.515,"Extremely Dry","darkred"
6804706,"60","2021-03-01",270.69,"Very Dry","red"
6804706,"91","2021-04-01",269.71,"Very Dry","red"
6804706,"121","2021-05-01",264.455,"Very Dry","red"
6804706,"152","2021-06-01",258.765,"Moderately Dry","orange"
6804706,"182","2021-07-01",256.765,"Very Dry","red"
6804706,"213","2021-08-01",254.19,"Moderately Dry","orange"
6804706,"244","2021-09-01",252.215,"Moderately Dry","orange"
6804706,"274","2021-10-01",250.87,"Moderately Dry","orange"
6804706,"305","2021-11-01",250.085,"Moderately Dry","orange"
6804706,"335","2021-12-01",249.34,"Moderately Dry","orange"
6804706,"1","2022-01-01",248.425,"Moderately Dry","orange"
6804706,"32","2022-02-01",246.87,"Moderately Dry","orange"
6804706,"60","2022-03-01",246.065,"Moderately Dry","orange"
6804804,"1","2020-01-01",81.055,"Moderately Dry","orange"
6804804,"32","2020-02-01",83.205,"Moderately Dry","orange"
6804804,"61","2020-03-01",83.18,"Extremely Dry","darkred"
6804804,"92","2020-04-01",82.34,"Extremely Dry","darkred"
6804804,"122","2020-05-01",81.165,"Extremely Dry","darkred"
6804804,"153","2020-06-01",71.595,"Moderately Dry","orange"
6804804,"183","2020-07-01",78.315,"Moderately Dry","orange"
6804804,"214","2020-08-01",82.12,"Moderately Dry","orange"
6804804,"245","2020-09-01",77.65,"Moderately Dry","orange"
6804804,"275","2020-10-01",78.32,"Moderately Dry","orange"
6804804,"306","2020-11-01",82.175,"Moderately Dry","orange"
6804804,"336","2020-12-01",83.27,"Moderately Dry","orange"
6804804,"1","2021-01-01",83.785,"Moderately Dry","orange"
6804804,"32","2021-02-01",84.125,"Moderately Dry","orange"
6804804,"60","2021-03-01",84.465,"Very Dry","red"
6804804,"91","2021-04-01",84.735,"Moderately Dry","orange"
6804804,"121","2021-05-01",84.255,"Moderately Wet","cornflowerblue"
6804804,"152","2021-06-01",67.27,"Moderately Wet","cornflowerblue"
6804804,"182","2021-07-01",69.875,"Moderately Wet","cornflowerblue"
6804804,"213","2021-08-01",70.28,"Extremely Wet","navy"
6804804,"244","2021-09-01",72.315,"Very Wet","blue"
6804804,"274","2021-10-01",63.31,"Very Wet","blue"
6804804,"305","2021-11-01",68.005,"Moderately Wet","cornflowerblue"
6804804,"335","2021-12-01",71.375,"Moderately Wet","cornflowerblue"
6804804,"1","2022-01-01",72.96,"Moderately Wet","cornflowerblue"
6804804,"32","2022-02-01",76.325,"Moderately Wet","cornflowerblue"
6804804,"60","2022-03-01",78.8,"Moderately Wet","cornflowerblue"
6804806,"1","2020-01-01",251.8,"Very Dry","red"
6804806,"32","2020-02-01",250,"Very Dry","red"
6804806,"61","2020-03-01",248.05,"Extremely Dry","darkred"
6804806,"92","2020-04-01",248.6,"Extremely Dry","darkred"
6804806,"122","2020-05-01",250.35,"Extremely Dry","darkred"
6804806,"153","2020-06-01",252.05,"Extremely Dry","darkred"
6804806,"183","2020-07-01",256.1,"Extremely Dry","darkred"
6804806,"214","2020-08-01",258,"Extremely Dry","darkred"
6804806,"245","2020-09-01",257.5,"Extremely Dry","darkred"
6804806,"275","2020-10-01",258.4,"Extremely Dry","darkred"
6804806,"306","2020-11-01",259.2,"Extremely Dry","darkred"
6804806,"336","2020-12-01",258.75,"Extremely Dry","darkred"
6804806,"1","2021-01-01",258.1,"Extremely Dry","darkred"
6804806,"32","2021-02-01",259.9,"Extremely Dry","darkred"
6804806,"60","2021-03-01",257.35,"Extremely Dry","darkred"
6804806,"91","2021-04-01",256.95,"Extremely Dry","darkred"
6804806,"121","2021-05-01",257.35,"Extremely Dry","darkred"
6804806,"152","2021-06-01",257.25,"Extremely Dry","darkred"
6804806,"182","2021-07-01",257.95,"Extremely Dry","darkred"
6804806,"213","2021-08-01",258.25,"Extremely Dry","darkred"
6804806,"244","2021-09-01",261.15,"Extremely Dry","darkred"
6804806,"274","2021-10-01",260.1,"Extremely Dry","darkred"
6804806,"305","2021-11-01",259,"Extremely Dry","darkred"
6804806,"335","2021-12-01",258.6,"Extremely Dry","darkred"
6804806,"1","2022-01-01",258.2,"Extremely Dry","darkred"
6804806,"32","2022-02-01",257.55,"Extremely Dry","darkred"
6804806,"60","2022-03-01",257.35,"Extremely Dry","darkred"
6804809,"1","2020-01-01",72.03,"Very Dry","red"
6804809,"32","2020-02-01",71.47,"Moderately Wet","cornflowerblue"
6804809,"61","2020-03-01",71.61,"Extremely Dry","darkred"
6804809,"92","2020-04-01",71.33,"Moderately Dry","orange"
6804809,"122","2020-05-01",69.125,"Moderately Dry","orange"
6804809,"153","2020-06-01",68.685,"Moderately Wet","cornflowerblue"
6804809,"183","2020-07-01",71.265,"Moderately Dry","orange"
6804809,"214","2020-08-01",72.155,"Moderately Dry","orange"
6804809,"245","2020-09-01",69.76,"Moderately Wet","cornflowerblue"
6804809,"275","2020-10-01",71.625,"Moderately Dry","orange"
6804809,"306","2020-11-01",72.77,"Moderately Dry","orange"
6804809,"336","2020-12-01",73.27,"Extremely Dry","darkred"
6804809,"1","2021-01-01",72.005,"Very Dry","red"
6804809,"32","2021-02-01",72.205,"Very Dry","red"
6804809,"60","2021-03-01",72.27,"Very Dry","red"
6804809,"91","2021-04-01",72.645,"Moderately Dry","orange"
6804809,"121","2021-05-01",71.99,"Moderately Dry","orange"
6804809,"152","2021-06-01",66.595,"Very Wet","blue"
6804809,"182","2021-07-01",68.045,"Very Wet","blue"
6804809,"213","2021-08-01",68.845,"Extremely Wet","navy"
6804809,"244","2021-09-01",70.43,"Moderately Wet","cornflowerblue"
6804809,"274","2021-10-01",65.705,"Very Wet","blue"
6804809,"305","2021-11-01",67.32,"Very Wet","blue"
6804809,"335","2021-12-01",68.975,"Very Wet","blue"
6804809,"1","2022-01-01",70.145,"Moderately Wet","cornflowerblue"
6804809,"32","2022-02-01",72.105,"Moderately Dry","orange"
6804809,"60","2022-03-01",71.36,"Moderately Wet","cornflowerblue"
6804916,"1","2020-01-01",236.685,"Very Dry","red"
6804916,"32","2020-02-01",234.65,"Very Dry","red"
6804916,"61","2020-03-01",233.565,"Extremely Dry","darkred"
6804916,"92","2020-04-01",232.35,"Extremely Dry","darkred"
6804916,"122","2020-05-01",234.875,"Extremely Dry","darkred"
6804916,"153","2020-06-01",241.74,"Extremely Dry","darkred"
6804916,"183","2020-07-01",245.55,"Extremely Dry","darkred"
6804916,"214","2020-08-01",245.77,"Extremely Dry","darkred"
6804916,"245","2020-09-01",245.325,"Extremely Dry","darkred"
6804916,"275","2020-10-01",246.105,"Extremely Dry","darkred"
6804916,"306","2020-11-01",246.985,"Extremely Dry","darkred"
6804916,"336","2020-12-01",247.39,"Extremely Dry","darkred"
6804916,"1","2021-01-01",247.445,"Extremely Dry","darkred"
6804916,"32","2021-02-01",248.9,"Extremely Dry","darkred"
6804916,"60","2021-03-01",247.54,"Extremely Dry","darkred"
6804916,"91","2021-04-01",248.005,"Extremely Dry","darkred"
6804916,"121","2021-05-01",248.055,"Extremely Dry","darkred"
6804916,"152","2021-06-01",247.645,"Extremely Dry","darkred"
6804916,"182","2021-07-01",248.505,"Extremely Dry","darkred"
6804916,"213","2021-08-01",260.26,"Extremely Dry","darkred"
6804916,"244","2021-09-01",250.485,"Extremely Dry","darkred"
6804916,"274","2021-10-01",249.125,"Extremely Dry","darkred"
6804916,"305","2021-11-01",249.42,"Extremely Dry","darkred"
6804916,"335","2021-12-01",248.76,"Extremely Dry","darkred"
6804916,"1","2022-01-01",248.4,"Extremely Dry","darkred"
6804916,"32","2022-02-01",247.775,"Extremely Dry","darkred"
6804916,"60","2022-03-01",246.7,"Extremely Dry","darkred"
6809303,"1","2020-01-01",773.11,"Moderately Dry","orange"
6809303,"32","2020-02-01",771.655,"Moderately Dry","orange"
6809303,"61","2020-03-01",768.885,"Moderately Dry","orange"
6809303,"92","2020-04-01",769.035,"Moderately Dry","orange"
6809303,"122","2020-05-01",773.765,"Moderately Dry","orange"
6809303,"153","2020-06-01",778.44,"Moderately Dry","orange"
6809303,"183","2020-07-01",786.885,"Moderately Dry","orange"
6809303,"214","2020-08-01",798.56,"Extremely Dry","darkred"
6809303,"245","2020-09-01",790.56,"Moderately Dry","orange"
6809303,"275","2020-10-01",794.7,"Extremely Dry","darkred"
6809303,"306","2020-11-01",795.055,"Extremely Dry","darkred"
6809303,"336","2020-12-01",792.365,"Extremely Dry","darkred"
6809303,"1","2021-01-01",788.09,"Extremely Dry","darkred"
6809303,"32","2021-02-01",785.725,"Extremely Dry","darkred"
6809303,"60","2021-03-01",787.59,"Extremely Dry","darkred"
6809303,"91","2021-04-01",789.81,"Extremely Dry","darkred"
6809303,"121","2021-05-01",788.085,"Extremely Dry","darkred"
6809303,"152","2021-06-01",806.55,"Extremely Dry","darkred"
6809303,"182","2021-07-01",784.635,"Moderately Dry","orange"
6809303,"213","2021-08-01",791.08,"Very Dry","red"
6809303,"244","2021-09-01",792.25,"Extremely Dry","darkred"
6809303,"274","2021-10-01",790.94,"Very Dry","red"
6809303,"305","2021-11-01",790.17,"Extremely Dry","darkred"
6809303,"335","2021-12-01",789.77,"Extremely Dry","darkred"
6809303,"1","2022-01-01",789.58,"Extremely Dry","darkred"
6809303,"32","2022-02-01",791.545,"Extremely Dry","darkred"
6809303,"60","2022-03-01",785.875,"Extremely Dry","darkred"
6810405,"1","2020-01-01",157.48,"Moderately Wet","cornflowerblue"
6810405,"32","2020-02-01",157.455,"Moderately Wet","cornflowerblue"
6810405,"61","2020-03-01",157.505,"Moderately Dry","orange"
6810405,"92","2020-04-01",157.555,"Extremely Dry","darkred"
6810405,"122","2020-05-01",157.525,"Extremely Dry","darkred"
6810405,"153","2020-06-01",158.005,"Extremely Dry","darkred"
6810405,"183","2020-07-01",158.525,"Extremely Dry","darkred"
6810405,"214","2020-08-01",158.51,"Extremely Dry","darkred"
6810405,"245","2020-09-01",158.27,"Extremely Dry","darkred"
6810405,"275","2020-10-01",158.285,"Extremely Dry","darkred"
6810405,"306","2020-11-01",158.265,"Extremely Dry","darkred"
6810405,"336","2020-12-01",158.145,"Extremely Dry","darkred"
6810405,"1","2021-01-01",158.195,"Extremely Dry","darkred"
6810405,"32","2021-02-01",158.25,"Extremely Dry","darkred"
6810405,"60","2021-03-01",158.19,"Very Dry","red"
6810405,"91","2021-04-01",158.205,"Very Dry","red"
6810405,"121","2021-05-01",158.46,"Moderately Dry","orange"
6810405,"152","2021-06-01",158.7,"Very Dry","red"
6810405,"182","2021-07-01",158.7,"Very Dry","red"
6810405,"213","2021-08-01",158.68,"Very Dry","red"
6810405,"244","2021-09-01",158.4,"Very Dry","red"
6810405,"274","2021-10-01",158.035,"Very Dry","red"
6810405,"305","2021-11-01",158.055,"Very Dry","red"
6810405,"335","2021-12-01",157.97,"Very Dry","red"
6810405,"1","2022-01-01",157.78,"Moderately Dry","orange"
6810405,"32","2022-02-01",157.73,"Moderately Dry","orange"
6810405,"60","2022-03-01",157.945,"Very Dry","red"
6810616,"1","2020-01-01",372.305,"Moderately Wet","cornflowerblue"
6810616,"32","2020-02-01",362.09,"Very Wet","blue"
6810616,"61","2020-03-01",361.155,"Extremely Wet","navy"
6810616,"92","2020-04-01",372.285,"Extremely Wet","navy"
6810616,"122","2020-05-01",388.105,"Moderately Dry","orange"
6810616,"153","2020-06-01",420.535,"Moderately Wet","cornflowerblue"
6810616,"183","2020-07-01",461.93,"Moderately Dry","orange"
6810616,"214","2020-08-01",463.28,"Moderately Dry","orange"
6810616,"245","2020-09-01",458.71,"Moderately Dry","orange"
6810616,"275","2020-10-01",463.01,"Moderately Dry","orange"
6810616,"306","2020-11-01",461.54,"Extremely Dry","darkred"
6810616,"336","2020-12-01",447.485,"Extremely Dry","darkred"
6810616,"1","2021-01-01",431.5,"Extremely Dry","darkred"
6810616,"32","2021-02-01",431.295,"Extremely Dry","darkred"
6810616,"60","2021-03-01",408.985,"Very Dry","red"
6810616,"91","2021-04-01",411.655,"Very Dry","red"
6810616,"121","2021-05-01",404.56,"Moderately Dry","orange"
6810616,"152","2021-06-01",403.95,"Moderately Dry","orange"
6810616,"182","2021-07-01",399.725,"Moderately Wet","cornflowerblue"
6810616,"213","2021-08-01",410.915,"Very Wet","blue"
6810616,"244","2021-09-01",424.285,"Moderately Wet","cornflowerblue"
6810616,"274","2021-10-01",419.035,"Moderately Wet","cornflowerblue"
6810616,"305","2021-11-01",402.84,"Moderately Dry","orange"
6810616,"335","2021-12-01",403.935,"Moderately Dry","orange"
6810616,"1","2022-01-01",394.21,"Moderately Dry","orange"
6810616,"32","2022-02-01",376.615,"Moderately Dry","orange"
6810616,"60","2022-03-01",393.15,"Moderately Dry","orange"
6810626,"1","2020-01-01",365.385,"Moderately Dry","orange"
6810626,"32","2020-02-01",357.935,"Moderately Dry","orange"
6810626,"61","2020-03-01",353.125,"Moderately Wet","cornflowerblue"
6810626,"92","2020-04-01",352.08,"Moderately Wet","cornflowerblue"
6810626,"122","2020-05-01",358.585,"Moderately Dry","orange"
6810626,"153","2020-06-01",395.31,"Moderately Dry","orange"
6810626,"183","2020-07-01",432.73,"Extremely Dry","darkred"
6810626,"214","2020-08-01",431.075,"Moderately Dry","orange"
6810626,"245","2020-09-01",435.245,"Extremely Dry","darkred"
6810626,"275","2020-10-01",437.825,"Extremely Dry","darkred"
6810626,"306","2020-11-01",436.71,"Extremely Dry","darkred"
6810626,"336","2020-12-01",424.91,"Extremely Dry","darkred"
6810626,"1","2021-01-01",402.375,"Extremely Dry","darkred"
6810626,"32","2021-02-01",404.57,"Extremely Dry","darkred"
6810626,"60","2021-03-01",394.05,"Extremely Dry","darkred"
6810626,"91","2021-04-01",398.745,"Very Dry","red"
6810626,"121","2021-05-01",391.475,"Very Dry","red"
6810626,"152","2021-06-01",382.675,"Moderately Dry","orange"
6810626,"182","2021-07-01",381.08,"Moderately Wet","cornflowerblue"
6810626,"213","2021-08-01",393.335,"Very Wet","blue"
6810626,"244","2021-09-01",405.86,"Moderately Dry","orange"
6810626,"274","2021-10-01",405.67,"Moderately Dry","orange"
6810626,"305","2021-11-01",388.845,"Very Dry","red"
6810626,"335","2021-12-01",386.49,"Very Dry","red"
6810626,"1","2022-01-01",381.04,"Very Dry","red"
6810626,"32","2022-02-01",373.215,"Moderately Dry","orange"
6810626,"60","2022-03-01",374.49,"Moderately Dry","orange"
6810813,"1","2020-01-01",510.865,"Moderately Dry","orange"
6810813,"32","2020-02-01",500.42,"Moderately Dry","orange"
6810813,"61","2020-03-01",500.1,"Moderately Dry","orange"
6810813,"92","2020-04-01",499.12,"Moderately Wet","cornflowerblue"
6810813,"122","2020-05-01",508.1,"Moderately Dry","orange"
6810813,"153","2020-06-01",515.075,"Moderately Dry","orange"
6810813,"183","2020-07-01",534.85,"Moderately Dry","orange"
6810813,"214","2020-08-01",545.4,"Very Dry","red"
6810813,"245","2020-09-01",532.85,"Moderately Dry","orange"
6810813,"275","2020-10-01",541.2,"Very Dry","red"
6810813,"306","2020-11-01",537.5,"Very Dry","red"
6810813,"336","2020-12-01",523.4,"Very Dry","red"
6810813,"1","2021-01-01",511.35,"Very Dry","red"
6810813,"32","2021-02-01",511.05,"Very Dry","red"
6810813,"60","2021-03-01",510,"Moderately Dry","orange"
6810813,"91","2021-04-01",512.65,"Moderately Dry","orange"
6810813,"121","2021-05-01",506.15,"Moderately Dry","orange"
6810813,"152","2021-06-01",506,"Moderately Wet","cornflowerblue"
6810813,"182","2021-07-01",508.6,"Very Wet","blue"
6810813,"213","2021-08-01",512.6,"Very Wet","blue"
6810813,"244","2021-09-01",516.3,"Moderately Wet","cornflowerblue"
6810813,"274","2021-10-01",512.5,"Very Wet","blue"
6810813,"305","2021-11-01",508.1,"Very Wet","blue"
6810813,"335","2021-12-01",501.95,"Moderately Wet","cornflowerblue"
6810813,"1","2022-01-01",496.85,"Moderately Wet","cornflowerblue"
6810813,"32","2022-02-01",498.25,"Moderately Wet","cornflowerblue"
6810813,"60","2022-03-01",505.8,"Moderately Dry","orange"
6810912,"1","2020-01-01",437.985,"Very Wet","blue"
6810912,"32","2020-02-01",436.955,"Very Wet","blue"
6810912,"61","2020-03-01",436.845,"Moderately Wet","cornflowerblue"
6810912,"92","2020-04-01",436.945,"Moderately Wet","cornflowerblue"
6810912,"122","2020-05-01",438,"Moderately Dry","orange"
6810912,"153","2020-06-01",438.97,"Moderately Dry","orange"
6810912,"183","2020-07-01",449.055,"Moderately Dry","orange"
6810912,"214","2020-08-01",459.055,"Extremely Dry","darkred"
6810912,"245","2020-09-01",456.57,"Moderately Dry","orange"
6810912,"275","2020-10-01",458.735,"Extremely Dry","darkred"
6810912,"306","2020-11-01",458.32,"Extremely Dry","darkred"
6810912,"336","2020-12-01",455.575,"Moderately Dry","orange"
6810912,"1","2021-01-01",451.225,"Very Dry","red"
6810912,"32","2021-02-01",451.225,"Extremely Dry","darkred"
6810912,"60","2021-03-01",449.315,"Moderately Dry","orange"
6810912,"91","2021-04-01",450.95,"Moderately Dry","orange"
6810912,"121","2021-05-01",454.605,"Moderately Dry","orange"
6810912,"152","2021-06-01",454.9,"Moderately Dry","orange"
6810912,"182","2021-07-01",456.635,"Moderately Dry","orange"
6810912,"213","2021-08-01",458.62,"Very Dry","red"
6810912,"244","2021-09-01",459.88,"Moderately Dry","orange"
6810912,"274","2021-10-01",456.925,"Moderately Dry","orange"
6810912,"305","2021-11-01",456.455,"Very Dry","red"
6810912,"335","2021-12-01",454.94,"Very Dry","red"
6810912,"1","2022-01-01",453.76,"Extremely Dry","darkred"
6810912,"32","2022-02-01",454.56,"Extremely Dry","darkred"
6810912,"60","2022-03-01",453.905,"Extremely Dry","darkred"
6810913,"1","2020-01-01",35.72,"Moderately Dry","orange"
6810913,"32","2020-02-01",35.49,"Moderately Dry","orange"
6810913,"61","2020-03-01",35.775,"Extremely Dry","darkred"
6810913,"92","2020-04-01",35.745,"Extremely Dry","darkred"
6810913,"122","2020-05-01",35.27,"Extremely Dry","darkred"
6810913,"153","2020-06-01",33.89,"Moderately Dry","orange"
6810913,"183","2020-07-01",36.19,"Moderately Dry","orange"
6810913,"214","2020-08-01",36.315,"Moderately Dry","orange"
6810913,"245","2020-09-01",36.185,"Extremely Dry","darkred"
6810913,"275","2020-10-01",36.435,"Extremely Dry","darkred"
6810913,"306","2020-11-01",36.42,"Extremely Dry","darkred"
6810913,"336","2020-12-01",36.365,"Moderately Dry","orange"
6810913,"1","2021-01-01",36.29,"Moderately Dry","orange"
6810913,"32","2021-02-01",36.38,"Extremely Dry","darkred"
6810913,"60","2021-03-01",36.715,"Extremely Dry","darkred"
6810913,"91","2021-04-01",36.285,"Moderately Dry","orange"
6810913,"121","2021-05-01",35.19,"Moderately Wet","cornflowerblue"
6810913,"152","2021-06-01",29.225,"Very Wet","blue"
6810913,"182","2021-07-01",28.47,"Extremely Wet","navy"
6810913,"213","2021-08-01",28.57,"Extremely Wet","navy"
6810913,"244","2021-09-01",34.135,"Very Wet","blue"
6810913,"274","2021-10-01",30.955,"Very Wet","blue"
6810913,"305","2021-11-01",30.42,"Very Wet","blue"
6810913,"335","2021-12-01",33.955,"Very Wet","blue"
6810913,"1","2022-01-01",34.935,"Moderately Wet","cornflowerblue"
6810913,"32","2022-02-01",35.36,"Moderately Wet","cornflowerblue"
6810913,"60","2022-03-01",35.515,"Moderately Dry","orange"
6811211,"1","2020-01-01",100.875,"Extremely Wet","navy"
6811211,"32","2020-02-01",101.335,"Extremely Wet","navy"
6811211,"61","2020-03-01",101.205,"Extremely Wet","navy"
6811211,"92","2020-04-01",101.64,"Extremely Wet","navy"
6811211,"122","2020-05-01",101.87,"Extremely Wet","navy"
6811211,"153","2020-06-01",102.7,"Extremely Wet","navy"
6811211,"183","2020-07-01",102.4,"Extremely Wet","navy"
6811211,"214","2020-08-01",102.685,"Extremely Wet","navy"
6811211,"245","2020-09-01",103.05,"Extremely Dry","darkred"
6811211,"275","2020-10-01",103.3,"Extremely Dry","darkred"
6811211,"306","2020-11-01",103.475,"Extremely Wet","navy"
6811211,"336","2020-12-01",103.795,"Extremely Wet","navy"
6811211,"1","2021-01-01",104.025,"Moderately Dry","orange"
6811211,"32","2021-02-01",104.15,"Moderately Dry","orange"
6811211,"60","2021-03-01",104.47,"Moderately Dry","orange"
6811211,"91","2021-04-01",104.78,"Extremely Dry","darkred"
6811211,"121","2021-05-01",105.03,"Extremely Dry","darkred"
6811211,"152","2021-06-01",105.275,"Extremely Dry","darkred"
6811211,"182","2021-07-01",105.26,"Extremely Dry","darkred"
6811211,"213","2021-08-01",105.24,"Extremely Dry","darkred"
6811211,"244","2021-09-01",105.305,"Extremely Dry","darkred"
6811211,"274","2021-10-01",105.38,"Extremely Dry","darkred"
6811211,"305","2021-11-01",105.35,"Extremely Dry","darkred"
6811211,"335","2021-12-01",105.265,"Extremely Dry","darkred"
6811211,"1","2022-01-01",105.29,"Extremely Dry","darkred"
6811211,"32","2022-02-01",105.305,"Extremely Dry","darkred"
6811211,"60","2022-03-01",105.26,"Extremely Dry","darkred"
6811302,"1","2020-01-01",165.21,"Moderately Wet","cornflowerblue"
6811302,"32","2020-02-01",164.43,"Very Wet","blue"
6811302,"61","2020-03-01",165.11,"Moderately Dry","orange"
6811302,"92","2020-04-01",165.92,"Moderately Dry","orange"
6811302,"122","2020-05-01",163.86,"Moderately Wet","cornflowerblue"
6811302,"153","2020-06-01",165.135,"Moderately Wet","cornflowerblue"
6811302,"183","2020-07-01",169.49,"Extremely Dry","darkred"
6811302,"214","2020-08-01",170,"Moderately Dry","orange"
6811302,"245","2020-09-01",162.955,"Extremely Wet","navy"
6811302,"275","2020-10-01",165.14,"Moderately Wet","cornflowerblue"
6811302,"306","2020-11-01",166.055,"Moderately Wet","cornflowerblue"
6811302,"336","2020-12-01",165.315,"Moderately Wet","cornflowerblue"
6811302,"1","2021-01-01",164.905,"Moderately Wet","cornflowerblue"
6811302,"32","2021-02-01",165.735,"Moderately Wet","cornflowerblue"
6811302,"60","2021-03-01",166.935,"Moderately Dry","orange"
6811302,"91","2021-04-01",168.2,"Moderately Dry","orange"
6811302,"121","2021-05-01",158.845,"Very Wet","blue"
6811302,"152","2021-06-01",163.455,"Moderately Wet","cornflowerblue"
6811302,"182","2021-07-01",164.645,"Very Wet","blue"
6811302,"213","2021-08-01",165.02,"Moderately Wet","cornflowerblue"
6811302,"244","2021-09-01",163.19,"Very Wet","blue"
6811302,"274","2021-10-01",159.305,"Very Wet","blue"
6811302,"305","2021-11-01",164.54,"Very Wet","blue"
6811302,"335","2021-12-01",164.95,"Moderately Wet","cornflowerblue"
6811302,"1","2022-01-01",164.79,"Moderately Wet","cornflowerblue"
6811302,"32","2022-02-01",164.85,"Moderately Wet","cornflowerblue"
6811302,"60","2022-03-01",166.42,"Moderately Dry","orange"
6811417,"1","2020-01-01",270.78,"Moderately Dry","orange"
6811417,"32","2020-02-01",266.35,"Moderately Dry","orange"
6811417,"61","2020-03-01",263.635,"Moderately Dry","orange"
6811417,"92","2020-04-01",263.14,"Moderately Dry","orange"
6811417,"122","2020-05-01",270.335,"Moderately Dry","orange"
6811417,"153","2020-06-01",277.72,"Very Dry","red"
6811417,"183","2020-07-01",289.95,"Extremely Dry","darkred"
6811417,"214","2020-08-01",298.4,"Extremely Dry","darkred"
6811417,"245","2020-09-01",299.215,"Extremely Dry","darkred"
6811417,"275","2020-10-01",300.885,"Extremely Dry","darkred"
6811417,"306","2020-11-01",300.96,"Extremely Dry","darkred"
6811417,"336","2020-12-01",298.27,"Extremely Dry","darkred"
6811417,"1","2021-01-01",293.56,"Extremely Dry","darkred"
6811417,"32","2021-02-01",291.725,"Extremely Dry","darkred"
6811417,"60","2021-03-01",289.48,"Extremely Dry","darkred"
6811417,"91","2021-04-01",288.255,"Extremely Dry","darkred"
6811417,"121","2021-05-01",287.42,"Extremely Dry","darkred"
6811417,"152","2021-06-01",279.605,"Moderately Dry","orange"
6811417,"182","2021-07-01",279.01,"Moderately Dry","orange"
6811417,"213","2021-08-01",281.1,"Moderately Wet","cornflowerblue"
6811417,"244","2021-09-01",283.615,"Moderately Wet","cornflowerblue"
6811417,"274","2021-10-01",285.955,"Moderately Dry","orange"
6811417,"305","2021-11-01",280.785,"Moderately Dry","orange"
6811417,"335","2021-12-01",274.395,"Very Dry","red"
6811417,"1","2022-01-01",271.68,"Very Dry","red"
6811417,"32","2022-02-01",266.225,"Moderately Dry","orange"
6811417,"60","2022-03-01",265.925,"Moderately Dry","orange"
6811418,"1","2020-01-01",437,"Very Dry","red"
6811418,"32","2020-02-01",432.085,"Moderately Dry","orange"
6811418,"61","2020-03-01",428.425,"Moderately Dry","orange"
6811418,"92","2020-04-01",428.37,"Moderately Wet","cornflowerblue"
6811418,"122","2020-05-01",435.595,"Moderately Dry","orange"
6811418,"153","2020-06-01",446.34,"Moderately Wet","cornflowerblue"
6811418,"183","2020-07-01",480.6,"Extremely Dry","darkred"
6811418,"214","2020-08-01",495.335,"Extremely Dry","darkred"
6811418,"245","2020-09-01",485.265,"Moderately Dry","orange"
6811418,"275","2020-10-01",490.51,"Extremely Dry","darkred"
6811418,"306","2020-11-01",484.735,"Extremely Dry","darkred"
6811418,"336","2020-12-01",473.01,"Extremely Dry","darkred"
6811418,"1","2021-01-01",459.4,"Extremely Dry","darkred"
6811418,"32","2021-02-01",461.18,"Extremely Dry","darkred"
6811418,"60","2021-03-01",455.255,"Extremely Dry","darkred"
6811418,"91","2021-04-01",459.23,"Extremely Dry","darkred"
6811418,"121","2021-05-01",454.555,"Extremely Dry","darkred"
6811418,"152","2021-06-01",446.99,"Moderately Dry","orange"
6811418,"182","2021-07-01",445.785,"Moderately Wet","cornflowerblue"
6811418,"213","2021-08-01",455.195,"Moderately Wet","cornflowerblue"
6811418,"244","2021-09-01",459.24,"Moderately Wet","cornflowerblue"
6811418,"274","2021-10-01",454.315,"Moderately Dry","orange"
6811418,"305","2021-11-01",447.365,"Very Dry","red"
6811418,"335","2021-12-01",445.945,"Very Dry","red"
6811418,"1","2022-01-01",442.69,"Very Dry","red"
6811418,"32","2022-02-01",440,"Very Dry","red"
6811418,"60","2022-03-01",444.05,"Extremely Dry","darkred"
6811509,"1","2020-01-01",319.26,"Very Dry","red"
6811509,"32","2020-02-01",319.515,"Very Dry","red"
6811509,"61","2020-03-01",319.87,"Extremely Dry","darkred"
6811509,"92","2020-04-01",320.43,"Extremely Dry","darkred"
6811509,"122","2020-05-01",321.57,"Extremely Dry","darkred"
6811509,"153","2020-06-01",322.655,"Extremely Dry","darkred"
6811509,"183","2020-07-01",323.925,"Extremely Dry","darkred"
6811509,"214","2020-08-01",324.455,"Extremely Dry","darkred"
6811509,"245","2020-09-01",323.585,"Extremely Dry","darkred"
6811509,"275","2020-10-01",324.3,"Extremely Dry","darkred"
6811509,"306","2020-11-01",324.195,"Extremely Dry","darkred"
6811509,"336","2020-12-01",323.415,"Extremely Dry","darkred"
6811509,"1","2021-01-01",323.095,"Extremely Dry","darkred"
6811509,"32","2021-02-01",323.04,"Extremely Dry","darkred"
6811509,"60","2021-03-01",322.9,"Extremely Dry","darkred"
6811509,"91","2021-04-01",323.21,"Extremely Dry","darkred"
6811509,"121","2021-05-01",323.445,"Extremely Dry","darkred"
6811509,"152","2021-06-01",323.345,"Extremely Dry","darkred"
6811509,"182","2021-07-01",321.84,"Extremely Dry","darkred"
6811509,"213","2021-08-01",322.57,"Extremely Dry","darkred"
6811509,"244","2021-09-01",322.12,"Extremely Dry","darkred"
6811509,"274","2021-10-01",321.53,"Extremely Dry","darkred"
6811509,"305","2021-11-01",321.09,"Extremely Dry","darkred"
6811509,"335","2021-12-01",320.255,"Extremely Dry","darkred"
6811509,"1","2022-01-01",320.16,"Extremely Dry","darkred"
6811509,"32","2022-02-01",320.255,"Extremely Dry","darkred"
6811509,"60","2022-03-01",321.98,"Extremely Dry","darkred"
6811611,"1","2020-01-01",332.3,"Moderately Dry","orange"
6811611,"32","2020-02-01",331.935,"Very Dry","red"
6811611,"61","2020-03-01",328.905,"Extremely Dry","darkred"
6811611,"92","2020-04-01",326.375,"Extremely Dry","darkred"
6811611,"122","2020-05-01",326.54,"Extremely Dry","darkred"
6811611,"153","2020-06-01",331.86,"Extremely Dry","darkred"
6811611,"183","2020-07-01",341.125,"Extremely Dry","darkred"
6811611,"214","2020-08-01",347.76,"Extremely Dry","darkred"
6811611,"245","2020-09-01",345.475,"Extremely Dry","darkred"
6811611,"275","2020-10-01",345.5,"Extremely Dry","darkred"
6811611,"306","2020-11-01",345.8,"Extremely Dry","darkred"
6811611,"336","2020-12-01",343.155,"Extremely Dry","darkred"
6811611,"1","2021-01-01",339.71,"Very Dry","red"
6811611,"32","2021-02-01",340.11,"Very Dry","red"
6811611,"60","2021-03-01",338.665,"Very Dry","red"
6811611,"91","2021-04-01",340.11,"Very Dry","red"
6811611,"121","2021-05-01",337.625,"Very Dry","red"
6811611,"152","2021-06-01",326.955,"Moderately Dry","orange"
6811611,"182","2021-07-01",327.3,"Moderately Dry","orange"
6811611,"213","2021-08-01",329.18,"Moderately Wet","cornflowerblue"
6811611,"244","2021-09-01",331.23,"Moderately Wet","cornflowerblue"
6811611,"274","2021-10-01",329.69,"Moderately Wet","cornflowerblue"
6811611,"305","2021-11-01",327.6,"Moderately Wet","cornflowerblue"
6811611,"335","2021-12-01",325.425,"Moderately Wet","cornflowerblue"
6811611,"1","2022-01-01",326.915,"Moderately Wet","cornflowerblue"
6811611,"32","2022-02-01",327.95,"Moderately Dry","orange"
6811611,"60","2022-03-01",331.29,"Moderately Dry","orange"
6811708,"1","2020-01-01",223.805,"Moderately Wet","cornflowerblue"
6811708,"32","2020-02-01",226.725,"Moderately Dry","orange"
6811708,"61","2020-03-01",235.48,"Extremely Dry","darkred"
6811708,"92","2020-04-01",223.235,"Moderately Dry","orange"
6811708,"122","2020-05-01",237.705,"Moderately Wet","cornflowerblue"
6811708,"153","2020-06-01",256.535,"Extremely Dry","darkred"
6811708,"183","2020-07-01",272.57,"Extremely Dry","darkred"
6811708,"214","2020-08-01",280.865,"Extremely Dry","darkred"
6811708,"245","2020-09-01",254.345,"Extremely Dry","darkred"
6811708,"275","2020-10-01",236.535,"Extremely Dry","darkred"
6811708,"306","2020-11-01",257.41,"Extremely Dry","darkred"
6811708,"336","2020-12-01",253.4,"Extremely Dry","darkred"
6811708,"1","2021-01-01",234.615,"Very Dry","red"
6811708,"32","2021-02-01",232.6,"Very Dry","red"
6811708,"60","2021-03-01",233.655,"Very Dry","red"
6811708,"91","2021-04-01",248.115,"Extremely Dry","darkred"
6811708,"121","2021-05-01",240.875,"Very Dry","red"
6811708,"152","2021-06-01",241.675,"Very Dry","red"
6811708,"182","2021-07-01",244.13,"Moderately Dry","orange"
6811708,"213","2021-08-01",228.465,"Very Wet","blue"
6811708,"244","2021-09-01",248.415,"Moderately Dry","orange"
6811708,"274","2021-10-01",239.945,"Moderately Dry","orange"
6811708,"305","2021-11-01",228.32,"Moderately Wet","cornflowerblue"
6811708,"335","2021-12-01",228.94,"Moderately Dry","orange"
6811708,"1","2022-01-01",239.78,"Extremely Dry","darkred"
6811708,"32","2022-02-01",228.755,"Very Dry","red"
6811708,"60","2022-03-01",228.09,"Moderately Dry","orange"
6811814,"1","2020-01-01",231.65,"Moderately Wet","cornflowerblue"
6811814,"32","2020-02-01",228.65,"Moderately Wet","cornflowerblue"
6811814,"61","2020-03-01",232.7,"Extremely Dry","darkred"
6811814,"92","2020-04-01",233,"Extremely Dry","darkred"
6811814,"122","2020-05-01",228.14,"Moderately Dry","orange"
6811814,"153","2020-06-01",234.76,"Moderately Dry","orange"
6811814,"183","2020-07-01",239.65,"Extremely Dry","darkred"
6811814,"214","2020-08-01",241.25,"Extremely Dry","darkred"
6811814,"245","2020-09-01",236.5,"Moderately Dry","orange"
6811814,"275","2020-10-01",239.6,"Extremely Dry","darkred"
6811814,"306","2020-11-01",239.2,"Extremely Dry","darkred"
6811814,"336","2020-12-01",237,"Extremely Dry","darkred"
6811814,"1","2021-01-01",235.5,"Extremely Dry","darkred"
6811814,"32","2021-02-01",234.6,"Extremely Dry","darkred"
6811814,"60","2021-03-01",235.75,"Very Dry","red"
6811814,"91","2021-04-01",238.05,"Very Dry","red"
6811814,"121","2021-05-01",224.8,"Moderately Wet","cornflowerblue"
6811814,"152","2021-06-01",222.55,"Moderately Wet","cornflowerblue"
6811814,"182","2021-07-01",214.36,"Extremely Wet","navy"
6811814,"213","2021-08-01",228.4,"Extremely Wet","navy"
6811814,"244","2021-09-01",229.55,"Moderately Wet","cornflowerblue"
6811814,"274","2021-10-01",226.75,"Moderately Wet","cornflowerblue"
6811814,"305","2021-11-01",231.55,"Moderately Dry","orange"
6811814,"335","2021-12-01",232.9,"Moderately Dry","orange"
6811814,"1","2022-01-01",234.45,"Very Dry","red"
6811814,"32","2022-02-01",234.4,"Very Dry","red"
6811814,"60","2022-03-01",235.95,"Extremely Dry","darkred"
6812106,"1","2020-01-01",100.225,"Moderately Dry","orange"
6812106,"32","2020-02-01",99.62,"Moderately Wet","cornflowerblue"
6812106,"61","2020-03-01",99.33,"Extremely Dry","darkred"
6812106,"92","2020-04-01",99.975,"Moderately Dry","orange"
6812106,"122","2020-05-01",97.075,"Moderately Wet","cornflowerblue"
6812106,"153","2020-06-01",98.42,"Moderately Wet","cornflowerblue"
6812106,"183","2020-07-01",100.53,"Moderately Wet","cornflowerblue"
6812106,"214","2020-08-01",101.145,"Moderately Dry","orange"
6812106,"245","2020-09-01",93.05,"Moderately Wet","cornflowerblue"
6812106,"275","2020-10-01",98.745,"Moderately Wet","cornflowerblue"
6812106,"306","2020-11-01",100.015,"Moderately Wet","cornflowerblue"
6812106,"336","2020-12-01",100.57,"Moderately Wet","cornflowerblue"
6812106,"1","2021-01-01",101.065,"Moderately Dry","orange"
6812106,"32","2021-02-01",101.41,"Very Dry","red"
6812106,"60","2021-03-01",101.68,"Very Dry","red"
6812106,"91","2021-04-01",102.125,"Very Dry","red"
6812106,"121","2021-05-01",92.79,"Moderately Wet","cornflowerblue"
6812106,"152","2021-06-01",93.91,"Moderately Wet","cornflowerblue"
6812106,"182","2021-07-01",92.79,"Very Wet","blue"
6812106,"213","2021-08-01",95.995,"Very Wet","blue"
6812106,"244","2021-09-01",96.09,"Moderately Wet","cornflowerblue"
6812106,"274","2021-10-01",89.875,"Very Wet","blue"
6812106,"305","2021-11-01",95.67,"Moderately Wet","cornflowerblue"
6812106,"335","2021-12-01",97.445,"Moderately Wet","cornflowerblue"
6812106,"1","2022-01-01",98.795,"Moderately Wet","cornflowerblue"
6812106,"32","2022-02-01",99.48,"Moderately Wet","cornflowerblue"
6812106,"60","2022-03-01",100.16,"Moderately Wet","cornflowerblue"
6812413,"1","2020-01-01",222.7,"Moderately Wet","cornflowerblue"
6812413,"32","2020-02-01",224.1,"Moderately Dry","orange"
6812413,"61","2020-03-01",226.55,"Extremely Dry","darkred"
6812413,"92","2020-04-01",226.9,"Extremely Dry","darkred"
6812413,"122","2020-05-01",230.61,"Extremely Dry","darkred"
6812413,"153","2020-06-01",236.55,"Extremely Dry","darkred"
6812413,"183","2020-07-01",237.1,"Extremely Dry","darkred"
6812413,"214","2020-08-01",240.3,"Extremely Dry","darkred"
6812413,"245","2020-09-01",236.25,"Extremely Dry","darkred"
6812413,"275","2020-10-01",233.9,"Extremely Dry","darkred"
6812413,"306","2020-11-01",231.35,"Extremely Dry","darkred"
6812413,"336","2020-12-01",229.55,"Extremely Dry","darkred"
6812413,"1","2021-01-01",227.6,"Very Dry","red"
6812413,"32","2021-02-01",229.35,"Very Dry","red"
6812413,"60","2021-03-01",231.2,"Extremely Dry","darkred"
6812413,"91","2021-04-01",235.8,"Extremely Dry","darkred"
6812413,"121","2021-05-01",233,"Moderately Dry","orange"
6812413,"152","2021-06-01",218.81,"Moderately Wet","cornflowerblue"
6812413,"182","2021-07-01",214.7,"Moderately Wet","cornflowerblue"
6812413,"213","2021-08-01",214.5,"Extremely Wet","navy"
6812413,"244","2021-09-01",215.2,"Extremely Wet","navy"
6812413,"274","2021-10-01",214.15,"Very Wet","blue"
6812413,"305","2021-11-01",210.9,"Very Wet","blue"
6812413,"335","2021-12-01",210.75,"Very Wet","blue"
6812413,"1","2022-01-01",213.25,"Moderately Wet","cornflowerblue"
6812413,"32","2022-02-01",215.65,"Moderately Wet","cornflowerblue"
6812413,"60","2022-03-01",219.3,"Moderately Wet","cornflowerblue"
6812507,"1","2020-01-01",268.69,"Very Wet","blue"
6812507,"32","2020-02-01",269.555,"Very Wet","blue"
6812507,"61","2020-03-01",270.565,"Moderately Dry","orange"
6812507,"92","2020-04-01",270.72,"Moderately Dry","orange"
6812507,"122","2020-05-01",269.665,"Moderately Dry","orange"
6812507,"153","2020-06-01",271.17,"Moderately Dry","orange"
6812507,"183","2020-07-01",270.885,"Moderately Dry","orange"
6812507,"214","2020-08-01",271.33,"Moderately Dry","orange"
6812507,"245","2020-09-01",270.41,"Moderately Dry","orange"
6812507,"275","2020-10-01",271.255,"Moderately Dry","orange"
6812507,"306","2020-11-01",271.585,"Moderately Dry","orange"
6812507,"336","2020-12-01",270.445,"Moderately Dry","orange"
6812507,"1","2021-01-01",270.75,"Moderately Dry","orange"
6812507,"32","2021-02-01",270.86,"Very Dry","red"
6812507,"60","2021-03-01",271.04,"Moderately Dry","orange"
6812507,"91","2021-04-01",271.725,"Moderately Dry","orange"
6812507,"121","2021-05-01",271.995,"Very Dry","red"
6812507,"152","2021-06-01",272.04,"Moderately Dry","orange"
6812507,"182","2021-07-01",273.25,"Moderately Dry","orange"
6812507,"213","2021-08-01",272.72,"Moderately Dry","orange"
6812507,"244","2021-09-01",273.84,"Extremely Dry","darkred"
6812507,"274","2021-10-01",270.245,"Moderately Wet","cornflowerblue"
6812507,"305","2021-11-01",269.685,"Moderately Wet","cornflowerblue"
6812507,"335","2021-12-01",273.635,"Extremely Dry","darkred"
6812507,"1","2022-01-01",272.19,"Very Dry","red"
6812507,"32","2022-02-01",270.27,"Moderately Dry","orange"
6812507,"60","2022-03-01",270.66,"Moderately Dry","orange"
6812509,"1","2020-01-01",234.64,"Moderately Dry","orange"
6812509,"32","2020-02-01",234.86,"Moderately Dry","orange"
6812509,"61","2020-03-01",234.79,"Extremely Dry","darkred"
6812509,"92","2020-04-01",235.025,"Extremely Dry","darkred"
6812509,"122","2020-05-01",232.795,"Moderately Wet","cornflowerblue"
6812509,"153","2020-06-01",235.415,"Moderately Dry","orange"
6812509,"183","2020-07-01",240.48,"Extremely Dry","darkred"
6812509,"214","2020-08-01",237.085,"Extremely Dry","darkred"
6812509,"245","2020-09-01",235.705,"Extremely Dry","darkred"
6812509,"275","2020-10-01",236.045,"Extremely Dry","darkred"
6812509,"306","2020-11-01",236.18,"Extremely Dry","darkred"
6812509,"336","2020-12-01",235.535,"Extremely Dry","darkred"
6812509,"1","2021-01-01",235.5,"Very Dry","red"
6812509,"32","2021-02-01",235.935,"Very Dry","red"
6812509,"60","2021-03-01",236.09,"Extremely Dry","darkred"
6812509,"91","2021-04-01",236.285,"Very Dry","red"
6812509,"121","2021-05-01",234.91,"Moderately Wet","cornflowerblue"
6812509,"152","2021-06-01",230.505,"Moderately Wet","cornflowerblue"
6812509,"182","2021-07-01",230.85,"Moderately Wet","cornflowerblue"
6812509,"213","2021-08-01",232.105,"Extremely Wet","navy"
6812509,"244","2021-09-01",234.335,"Moderately Wet","cornflowerblue"
6812509,"274","2021-10-01",232.53,"Very Wet","blue"
6812509,"305","2021-11-01",231.935,"Moderately Wet","cornflowerblue"
6812509,"335","2021-12-01",233.725,"Moderately Wet","cornflowerblue"
6812509,"1","2022-01-01",234.49,"Moderately Dry","orange"
6812509,"32","2022-02-01",235.015,"Moderately Dry","orange"
6812509,"60","2022-03-01",235.685,"Very Dry","red"
